Title,Link,Abstract,PublishedDate,MoreInfoLink,title_words,abstract_words,abstract_sentences
Guidance for medicine developers and companies on COVID-19,https://www.ema.europa.eu/en/human-regulatory/overview/public-health-threats/coronavirus-disease-covid-19/guidance-medicine-developers-companies-covid-19,"EMA, the European Commission and the Heads of Medicines Agencies updated the Guidance on the management of clinical trials during the COVID-19 (coronavirus) pandemic. The updated guidance includes more recommendations on simple and flexible measures sponsors can take to manage clinical trials during the COVID-19 pandemic, given the impact it is having on European health systems and society in general.",28 April,European Commission: Coronavirus: Commission issues guidance to mitigate clinical trial disruption in the EU (28/04/2020),"['Guidance', 'for', 'medicine', 'developer', 'and', 'company', 'on', 'COVID-19']","['EMA', ',', 'the', 'European', 'Commission', 'and', 'the', 'Heads', 'of', 'Medicines', 'Agencies', 'update', 'the', 'Guidance', 'on', 'the', 'management', 'of', 'clinical', 'trial', 'during', 'the', 'COVID-19', '(', 'coronavirus', ')', 'pandemic', '.', 'The', 'update', 'guidance', 'include', 'more', 'recommendation', 'on', 'simple', 'and', 'flexible', 'measure', 'sponsor', 'can', 'take', 'to', 'manage', 'clinical', 'trial', 'during', 'the', 'COVID-19', 'pandemic', ',', 'give', 'the', 'impact', 'it', 'be', 'have', 'on', 'European', 'health', 'system', 'and', 'society', 'in', 'general', '.']","['EMA, the European Commission and the Heads of Medicines Agencies updated the Guidance on the management of clinical trials during the COVID-19 (coronavirus) pandemic.', 'The updated guidance includes more recommendations on simple and flexible measures sponsors can take to manage clinical trials during the COVID-19 pandemic, given the impact it is having on European health systems and society in general.']"
International Coalition of Medicines Regulatory Authorities (ICMRA),https://www.ema.europa.eu/en/partners-networks/international-activities/multilateral-organisations-initiatives/international-coalition-medicines-regulatory-authorities-icmra,"EMA endorsed a joint statement by the members of the International Coalition of Medicines Regulatory Authorities (ICMRA). The statement commits the international regulators to strengthen global collaboration to facilitate rapid development, approval and roll-out of safe and effective medicines against COVID-19.",28 April,International regulators pledge collective support to combat COVID-19 pandemic (28/04/2020),"['International', 'Coalition', 'of', 'Medicines', 'Regulatory', 'Authorities', '(', 'ICMRA', ')']","['EMA', 'endorse', 'a', 'joint', 'statement', 'by', 'the', 'member', 'of', 'the', 'International', 'Coalition', 'of', 'Medicines', 'Regulatory', 'Authorities', '(', 'ICMRA', ')', '.', 'The', 'statement', 'commit', 'the', 'international', 'regulator', 'to', 'strengthen', 'global', 'collaboration', 'to', 'facilitate', 'rapid', 'development', ',', 'approval', 'and', 'roll-out', 'of', 'safe', 'and', 'effective', 'medicine', 'against', 'COVID-19', '.']","['EMA endorsed a joint statement by the members of the International Coalition of Medicines Regulatory Authorities (ICMRA).', 'The statement commits the international regulators to strengthen global collaboration to facilitate rapid development, approval and roll-out of safe and effective medicines against COVID-19.']"
Availability of medicines during COVID-19 pandemic,https://www.ema.europa.eu/en/human-regulatory/overview/public-health-threats/coronavirus-disease-covid-19/availability-medicines-during-covid-19-pandemic,"EMA provided an update on the measures EU authorities are putting in place to support the continued availability of medicines during the pandemic, following a meeting of the EU Executive Steering Group on Shortages of Medicines Caused by Major Events.",24 April,EU actions to support availability of medicines during COVID-19 pandemic – update #3 (24/04/2020),"['Availability', 'of', 'medicine', 'during', 'COVID-19', 'pandemic']","['EMA', 'provide', 'an', 'update', 'on', 'the', 'measure', 'EU', 'authority', 'be', 'put', 'in', 'place', 'to', 'support', 'the', 'continue', 'availability', 'of', 'medicine', 'during', 'the', 'pandemic', ',', 'follow', 'a', 'meet', 'of', 'the', 'EU', 'Executive', 'Steering', 'Group', 'on', 'Shortages', 'of', 'Medicines', 'Caused', 'by', 'Major', 'Events', '.']","['EMA provided an update on the measures EU authorities are putting in place to support the continued availability of medicines during the pandemic, following a meeting of the EU Executive Steering Group on Shortages of Medicines Caused by Major Events.']"
Public-health advice during COVID-19 pandemic,https://www.ema.europa.eu/en/human-regulatory/overview/public-health-threats/coronavirus-disease-covid-19/public-health-advice-during-covid-19-pandemic,"EMA and the national competent authorities reminded patients with suspected or confirmed COVID-19 to report any suspected side effects that they are experiencing with any medicine, including medicines taken to treat COVID-19 and pre-existing conditions. Healthcare professionals treating COVID-19 patients should also report the suspected side effects that their patients are experiencing. These reports help regulators understand how medicines act in patients with COVID-19, complementing the knowledge generated in clinical trials and other studies.",24 April,Reporting suspected side effects of medicines in patients with COVID-19 (24/04/2020),"['Public-health', 'advice', 'during', 'COVID-19', 'pandemic']","['EMA', 'and', 'the', 'national', 'competent', 'authority', 'remind', 'patient', 'with', 'suspect', 'or', 'confirm', 'COVID-19', 'to', 'report', 'any', 'suspect', 'side', 'effect', 'that', 'they', 'be', 'experience', 'with', 'any', 'medicine', ',', 'include', 'medicine', 'take', 'to', 'treat', 'COVID-19', 'and', 'pre-existing', 'condition', '.', 'Healthcare', 'professional', 'treat', 'COVID-19', 'patient', 'should', 'also', 'report', 'the', 'suspect', 'side', 'effect', 'that', 'their', 'patient', 'be', 'experience', '.', 'These', 'report', 'help', 'regulator', 'understand', 'how', 'medicine', 'act', 'in', 'patient', 'with', 'COVID-19', ',', 'complement', 'the', 'knowledge', 'generate', 'in', 'clinical', 'trial', 'and', 'other', 'study', '.']","['EMA and the national competent authorities reminded patients with suspected or confirmed COVID-19 to report any suspected side effects that they are experiencing with any medicine, including medicines taken to treat COVID-19 and pre-existing conditions.', 'Healthcare professionals treating COVID-19 patients should also report the suspected side effects that their patients are experiencing.', 'These reports help regulators understand how medicines act in patients with COVID-19, complementing the knowledge generated in clinical trials and other studies.']"
EMA’s governance during COVID-19 pandemic,https://www.ema.europa.eu/en/human-regulatory/overview/public-health-threats/coronavirus-disease-covid-19/emas-governance-during-covid-19-pandemic,EMA announced that essential work to combat the COVID-19 pandemic would continue during the Agency’s closure on 27 April and on 1 May 2020.,23 April,Essential work to combat the COVID-19 pandemic to continue during EMA's closure on 27 April and on 1 May 2020 (23/04/2020),"['EMA', '’', 's', 'governance', 'during', 'COVID-19', 'pandemic']","['EMA', 'announce', 'that', 'essential', 'work', 'to', 'combat', 'the', 'COVID-19', 'pandemic', 'would', 'continue', 'during', 'the', 'Agency', '’', 's', 'closure', 'on', '27', 'April', 'and', 'on', '1', 'May', '2020', '.']",['EMA announced that essential work to combat the COVID-19 pandemic would continue during the Agency’s closure on 27 April and on 1 May 2020.']
Public-health advice during COVID-19 pandemic,https://www.ema.europa.eu/en/human-regulatory/overview/public-health-threats/coronavirus-disease-covid-19/public-health-advice-during-covid-19-pandemic,"EMA reminded patients and healthcare professionals that chloroquine and hydroxychloroquine medicines are known to potentially cause certain side effects, including heart rhythm problems. Healthcare professionals should carefully consider the possibility of heart rhythm problems when treating COVID-19 patients with these medicines, particularly in patients with pre-existing heart problems and with higher doses, and exercise extra caution when combining treatment with other medicines such as azithromycin that have similar effects on the heart.",23 April,COVID-19: reminder of risk of serious side effects with chloroquine and hydroxychloroquine (23/04/2020),"['Public-health', 'advice', 'during', 'COVID-19', 'pandemic']","['EMA', 'remind', 'patient', 'and', 'healthcare', 'professional', 'that', 'chloroquine', 'and', 'hydroxychloroquine', 'medicine', 'be', 'know', 'to', 'potentially', 'cause', 'certain', 'side', 'effect', ',', 'include', 'heart', 'rhythm', 'problem', '.', 'Healthcare', 'professional', 'should', 'carefully', 'consider', 'the', 'possibility', 'of', 'heart', 'rhythm', 'problem', 'when', 'treat', 'COVID-19', 'patient', 'with', 'these', 'medicine', ',', 'particularly', 'in', 'patient', 'with', 'pre-existing', 'heart', 'problem', 'and', 'with', 'higher', 'do', ',', 'and', 'exercise', 'extra', 'caution', 'when', 'combine', 'treatment', 'with', 'other', 'medicine', 'such', 'a', 'azithromycin', 'that', 'have', 'similar', 'effect', 'on', 'the', 'heart', '.']","['EMA reminded patients and healthcare professionals that chloroquine and hydroxychloroquine medicines are known to potentially cause certain side effects, including heart rhythm problems.', 'Healthcare professionals should carefully consider the possibility of heart rhythm problems when treating COVID-19 patients with these medicines, particularly in patients with pre-existing heart problems and with higher doses, and exercise extra caution when combining treatment with other medicines such as azithromycin that have similar effects on the heart.']"
International Coalition of Medicines Regulatory Authorities (ICMRA),https://www.ema.europa.eu/en/partners-networks/international-activities/multilateral-organisations-initiatives/international-coalition-medicines-regulatory-authorities-icmra,"EMA participated in the global regulators’ meeting on COVID-19-related policy approaches and regulatory flexibility on Thursday, 16 April, under the umbrella of the International Coalition of Medicines Regulatory Authorities (ICMRA). Participants discussed high-level policy issues and regulatory challenges related to the rapid development of potential COVID-19 treatments and vaccines and the continued availability of medicines during the pandemic, in particular those used in intensive care. The meeting was the first of a series of bi-weekly meetings organised by ICMRA to allow medicine regulators worldwide to exchange information and build synergies for expediting COVID-19 medicine and vaccine development and approval and avoiding medicine shortages. EMA will chair every other meeting.",21 April, ,"['International', 'Coalition', 'of', 'Medicines', 'Regulatory', 'Authorities', '(', 'ICMRA', ')']","['EMA', 'participate', 'in', 'the', 'global', 'regulator', '’', 'meet', 'on', 'COVID-19-related', 'policy', 'approach', 'and', 'regulatory', 'flexibility', 'on', 'Thursday', ',', '16', 'April', ',', 'under', 'the', 'umbrella', 'of', 'the', 'International', 'Coalition', 'of', 'Medicines', 'Regulatory', 'Authorities', '(', 'ICMRA', ')', '.', 'Participants', 'discuss', 'high-level', 'policy', 'issue', 'and', 'regulatory', 'challenge', 'relate', 'to', 'the', 'rapid', 'development', 'of', 'potential', 'COVID-19', 'treatment', 'and', 'vaccine', 'and', 'the', 'continue', 'availability', 'of', 'medicine', 'during', 'the', 'pandemic', ',', 'in', 'particular', 'those', 'use', 'in', 'intensive', 'care', '.', 'The', 'meet', 'wa', 'the', 'first', 'of', 'a', 'series', 'of', 'bi-weekly', 'meet', 'organise', 'by', 'ICMRA', 'to', 'allow', 'medicine', 'regulator', 'worldwide', 'to', 'exchange', 'information', 'and', 'build', 'synergy', 'for', 'expedite', 'COVID-19', 'medicine', 'and', 'vaccine', 'development', 'and', 'approval', 'and', 'avoid', 'medicine', 'shortage', '.', 'EMA', 'will', 'chair', 'every', 'other', 'meet', '.']","['EMA participated in the global regulators’ meeting on COVID-19-related policy approaches and regulatory flexibility on Thursday, 16 April, under the umbrella of the International Coalition of Medicines Regulatory Authorities (ICMRA).', 'Participants discussed high-level policy issues and regulatory challenges related to the rapid development of potential COVID-19 treatments and vaccines and the continued availability of medicines during the pandemic, in particular those used in intensive care.', 'The meeting was the first of a series of bi-weekly meetings organised by ICMRA to allow medicine regulators worldwide to exchange information and build synergies for expediting COVID-19 medicine and vaccine development and approval and avoiding medicine shortages.', 'EMA will chair every other meeting.']"
Availability of medicines during COVID-19 pandemic,https://www.ema.europa.eu/en/human-regulatory/overview/public-health-threats/coronavirus-disease-covid-19/availability-medicines-during-covid-19-pandemic,"EMA announced that it had launched, together with EU Member States and the pharmaceutical industry, an enhanced fast-track monitoring system to help prevent and mitigate supply issues with crucial medicines used for treating COVID-19 patients. Initially, the system will focus on medicines used in intensive care, which are in greatest demand, before extending to a broader range of medicines. The monitoring system, which involves each pharmaceutical company appointing an industry single point of contact (iSPOC), was set up by the EU Executive Steering Group on Shortages of Medicines Caused by Major Events in cooperation with pharmaceutical companies in the EU.",21 April,Launch of enhanced monitoring system for availability of medicines used for treating COVID-19 (21/04/2020),"['Availability', 'of', 'medicine', 'during', 'COVID-19', 'pandemic']","['EMA', 'announce', 'that', 'it', 'have', 'launch', ',', 'together', 'with', 'EU', 'Member', 'States', 'and', 'the', 'pharmaceutical', 'industry', ',', 'an', 'enhance', 'fast-track', 'monitor', 'system', 'to', 'help', 'prevent', 'and', 'mitigate', 'supply', 'issue', 'with', 'crucial', 'medicine', 'use', 'for', 'treat', 'COVID-19', 'patient', '.', 'Initially', ',', 'the', 'system', 'will', 'focus', 'on', 'medicine', 'use', 'in', 'intensive', 'care', ',', 'which', 'be', 'in', 'greatest', 'demand', ',', 'before', 'extend', 'to', 'a', 'broader', 'range', 'of', 'medicine', '.', 'The', 'monitor', 'system', ',', 'which', 'involve', 'each', 'pharmaceutical', 'company', 'appoint', 'an', 'industry', 'single', 'point', 'of', 'contact', '(', 'iSPOC', ')', ',', 'wa', 'set', 'up', 'by', 'the', 'EU', 'Executive', 'Steering', 'Group', 'on', 'Shortages', 'of', 'Medicines', 'Caused', 'by', 'Major', 'Events', 'in', 'cooperation', 'with', 'pharmaceutical', 'company', 'in', 'the', 'EU', '.']","['EMA announced that it had launched, together with EU Member States and the pharmaceutical industry, an enhanced fast-track monitoring system to help prevent and mitigate supply issues with crucial medicines used for treating COVID-19 patients.', 'Initially, the system will focus on medicines used in intensive care, which are in greatest demand, before extending to a broader range of medicines.', 'The monitoring system, which involves each pharmaceutical company appointing an industry single point of contact (iSPOC), was set up by the EU Executive Steering Group on Shortages of Medicines Caused by Major Events in cooperation with pharmaceutical companies in the EU.']"
EMA’s governance during COVID-19 pandemic,https://www.ema.europa.eu/en/human-regulatory/overview/public-health-threats/coronavirus-disease-covid-19/emas-governance-during-covid-19-pandemic,EMA decided to continue holding its committee and working-party meetings virtually until the end of May 2020. Stakeholder events planned for May will either be postponed or held virtually. Most EMA staff are also continuing to work remotely until the end of May.,21 April, ,"['EMA', '’', 's', 'governance', 'during', 'COVID-19', 'pandemic']","['EMA', 'decide', 'to', 'continue', 'hold', 'it', 'committee', 'and', 'working-party', 'meet', 'virtually', 'until', 'the', 'end', 'of', 'May', '2020', '.', 'Stakeholder', 'event', 'plan', 'for', 'May', 'will', 'either', 'be', 'postpone', 'or', 'hold', 'virtually', '.', 'Most', 'EMA', 'staff', 'be', 'also', 'continue', 'to', 'work', 'remotely', 'until', 'the', 'end', 'of', 'May', '.']","['EMA decided to continue holding its committee and working-party meetings virtually until the end of May 2020.', 'Stakeholder events planned for May will either be postponed or held virtually.', 'Most EMA staff are also continuing to work remotely until the end of May.']"
Guidance for medicine developers and companies on COVID-19,https://www.ema.europa.eu/en/human-regulatory/overview/public-health-threats/coronavirus-disease-covid-19/guidance-medicine-developers-companies-covid-19,"The European Commission, EMA and the Heads of Medicine Agencies updated their guidance for pharmaceutical companies on adaptations to the regulatory framework to address COVID-19 challenges to cover good manufacturing practice (GMP) and good distribution practice (GDP) inspections, and the submission of individual case safety reports (ICSRs) to EudraVigilance. EMA published 


additional guidance for qualified persons for pharmcovigilance (QPPV) and marketing authorisation holders

 on how to submit COVID-19-related ICSRs to EudraVigilance, including on the use of the correct Medical Dictionary for Regulatory Activities (MedDRA) terms and free-text fields.",20 April,Update to guidance on regulatory expectations in the context of COVID-19 pandemic (20/04/2020),"['Guidance', 'for', 'medicine', 'developer', 'and', 'company', 'on', 'COVID-19']","['The', 'European', 'Commission', ',', 'EMA', 'and', 'the', 'Heads', 'of', 'Medicine', 'Agencies', 'update', 'their', 'guidance', 'for', 'pharmaceutical', 'company', 'on', 'adaptation', 'to', 'the', 'regulatory', 'framework', 'to', 'address', 'COVID-19', 'challenge', 'to', 'cover', 'good', 'manufacture', 'practice', '(', 'GMP', ')', 'and', 'good', 'distribution', 'practice', '(', 'GDP', ')', 'inspection', ',', 'and', 'the', 'submission', 'of', 'individual', 'case', 'safety', 'report', '(', 'ICSRs', ')', 'to', 'EudraVigilance', '.', 'EMA', 'publish', 'additional', 'guidance', 'for', 'qualify', 'person', 'for', 'pharmcovigilance', '(', 'QPPV', ')', 'and', 'market', 'authorisation', 'holder', 'on', 'how', 'to', 'submit', 'COVID-19-related', 'ICSRs', 'to', 'EudraVigilance', ',', 'include', 'on', 'the', 'use', 'of', 'the', 'correct', 'Medical', 'Dictionary', 'for', 'Regulatory', 'Activities', '(', 'MedDRA', ')', 'term', 'and', 'free-text', 'field', '.']","['The European Commission, EMA and the Heads of Medicine Agencies updated their guidance for pharmaceutical companies on adaptations to the regulatory framework to address COVID-19 challenges to cover good manufacturing practice (GMP) and good distribution practice (GDP) inspections, and the submission of individual case safety reports (ICSRs) to EudraVigilance.', 'EMA published \n\n\nadditional guidance for qualified persons for pharmcovigilance (QPPV) and marketing authorisation holders\n\n on how to submit COVID-19-related ICSRs to EudraVigilance, including on the use of the correct Medical Dictionary for Regulatory Activities (MedDRA) terms and free-text fields.']"
Availability of medicines during COVID-19 pandemic,https://www.ema.europa.eu/en/human-regulatory/overview/public-health-threats/coronavirus-disease-covid-19/availability-medicines-during-covid-19-pandemic,"EMA provided an update on the measures EU authorities are putting place to support the continued availability of medicines during the pandemic, following a meeting of the EU Executive Steering Group on Shortages of Medicines Caused by Major Events. The update covers progress made in setting up an enhanced monitoring system for supply issues with crucial medicines for the treatment of COVID-19 and planned updates to the guidance for pharmaceutical companies on adaptations of the regulatory framework to address COVID-19-related challenges.",20 April,EU actions to support availability of medicines during COVID-19 pandemic – update #2 (20/04/2020),"['Availability', 'of', 'medicine', 'during', 'COVID-19', 'pandemic']","['EMA', 'provide', 'an', 'update', 'on', 'the', 'measure', 'EU', 'authority', 'be', 'put', 'place', 'to', 'support', 'the', 'continue', 'availability', 'of', 'medicine', 'during', 'the', 'pandemic', ',', 'follow', 'a', 'meet', 'of', 'the', 'EU', 'Executive', 'Steering', 'Group', 'on', 'Shortages', 'of', 'Medicines', 'Caused', 'by', 'Major', 'Events', '.', 'The', 'update', 'cover', 'progress', 'make', 'in', 'set', 'up', 'an', 'enhance', 'monitor', 'system', 'for', 'supply', 'issue', 'with', 'crucial', 'medicine', 'for', 'the', 'treatment', 'of', 'COVID-19', 'and', 'plan', 'update', 'to', 'the', 'guidance', 'for', 'pharmaceutical', 'company', 'on', 'adaptation', 'of', 'the', 'regulatory', 'framework', 'to', 'address', 'COVID-19-related', 'challenge', '.']","['EMA provided an update on the measures EU authorities are putting place to support the continued availability of medicines during the pandemic, following a meeting of the EU Executive Steering Group on Shortages of Medicines Caused by Major Events.', 'The update covers progress made in setting up an enhanced monitoring system for supply issues with crucial medicines for the treatment of COVID-19 and planned updates to the guidance for pharmaceutical companies on adaptations of the regulatory framework to address COVID-19-related challenges.']"
International Coalition of Medicines Regulatory Authorities (ICMRA),https://www.ema.europa.eu/en/partners-networks/international-activities/multilateral-organisations-initiatives/international-coalition-medicines-regulatory-authorities-icmra,"The International Coalition of Medicines Regulatory Authorities published a report summarising the third global regulatory workshop on the use of observational studies and real-world data in generating robust evidence on the safety and efficacy of COVID-19 vaccines and treatments. The report provides a snapshot of ongoing and planned observational studies, platforms and registries in various countries and regions around the world. EMA co-chaired the meeting with Health Canada.",16 April,Meeting highlights from ICMRA global regulatory workshop on COVID-19 observational studies and real world data (16/04/2020),"['International', 'Coalition', 'of', 'Medicines', 'Regulatory', 'Authorities', '(', 'ICMRA', ')']","['The', 'International', 'Coalition', 'of', 'Medicines', 'Regulatory', 'Authorities', 'publish', 'a', 'report', 'summarise', 'the', 'third', 'global', 'regulatory', 'workshop', 'on', 'the', 'use', 'of', 'observational', 'study', 'and', 'real-world', 'data', 'in', 'generate', 'robust', 'evidence', 'on', 'the', 'safety', 'and', 'efficacy', 'of', 'COVID-19', 'vaccine', 'and', 'treatment', '.', 'The', 'report', 'provide', 'a', 'snapshot', 'of', 'ongoing', 'and', 'plan', 'observational', 'study', ',', 'platform', 'and', 'registry', 'in', 'various', 'country', 'and', 'region', 'around', 'the', 'world', '.', 'EMA', 'co-chaired', 'the', 'meet', 'with', 'Health', 'Canada', '.']","['The\xa0International Coalition of Medicines Regulatory Authorities\xa0published a\xa0report\xa0summarising the third global regulatory workshop\xa0on the use of observational studies and real-world data in generating robust evidence on the safety and\xa0efficacy\xa0of COVID-19 vaccines and treatments.', 'The report\xa0provides a snapshot of ongoing and planned observational studies, platforms and registries in various countries and regions around the world.', 'EMA co-chaired the meeting with Health Canada.']"
Availability of medicines during COVID-19 pandemic,https://www.ema.europa.eu/en/human-regulatory/overview/public-health-threats/coronavirus-disease-covid-19/availability-medicines-during-covid-19-pandemic,"EMA, the European Commission and the European medicines regulatory network published guidance for companies on adaptations to the regulatory framework to address challenges arising from the COVID-19 pandemic, with a particular focus on crucial medicines for use in COVID-19 patients.",10 April,Guidance on regulatory requirements in the context of the COVID-19 pandemic (10/04/2020),"['Availability', 'of', 'medicine', 'during', 'COVID-19', 'pandemic']","['EMA', ',', 'the', 'European', 'Commission', 'and', 'the', 'European', 'medicine', 'regulatory', 'network', 'publish', 'guidance', 'for', 'company', 'on', 'adaptation', 'to', 'the', 'regulatory', 'framework', 'to', 'address', 'challenge', 'arise', 'from', 'the', 'COVID-19', 'pandemic', ',', 'with', 'a', 'particular', 'focus', 'on', 'crucial', 'medicine', 'for', 'use', 'in', 'COVID-19', 'patient', '.']","['EMA, the European Commission and the European medicines regulatory network published guidance for companies on adaptations to the regulatory framework to address challenges arising from the COVID-19 pandemic, with a particular focus on crucial medicines for use in COVID-19 patients.']"
Availability of medicines during COVID-19 pandemic,https://www.ema.europa.eu/en/human-regulatory/overview/public-health-threats/coronavirus-disease-covid-19/availability-medicines-during-covid-19-pandemic,EMA provided an update on the measures EU authorities are putting place to support the continued availability of medicines during the pandemic. This covers the enhanced monitoring system for supply issues with crucial medicines for the treatment of COVID-19 and the guidance currently under development on the regulatory rules that could be applied with greater flexibility to help secure their continued supply.,10 April,Update on EU actions to support availability of medicines during COVID-19 pandemic (10/04/2020) ,"['Availability', 'of', 'medicine', 'during', 'COVID-19', 'pandemic']","['EMA', 'provide', 'an', 'update', 'on', 'the', 'measure', 'EU', 'authority', 'be', 'put', 'place', 'to', 'support', 'the', 'continue', 'availability', 'of', 'medicine', 'during', 'the', 'pandemic', '.', 'This', 'cover', 'the', 'enhance', 'monitor', 'system', 'for', 'supply', 'issue', 'with', 'crucial', 'medicine', 'for', 'the', 'treatment', 'of', 'COVID-19', 'and', 'the', 'guidance', 'currently', 'under', 'development', 'on', 'the', 'regulatory', 'rule', 'that', 'could', 'be', 'apply', 'with', 'greater', 'flexibility', 'to', 'help', 'secure', 'their', 'continue', 'supply', '.']","['EMA provided an update on the measures EU authorities are putting place to support the continued availability of medicines during the pandemic.', 'This covers the enhanced monitoring system for supply issues with crucial medicines for the treatment of COVID-19 and the guidance currently under development on the regulatory rules that could be applied with greater flexibility to help secure their continued supply.']"
EMA’s governance during COVID-19 pandemic,https://www.ema.europa.eu/en/human-regulatory/overview/public-health-threats/coronavirus-disease-covid-19/emas-governance-during-covid-19-pandemic,"EMA published the 


mandate of its COVID-19 EMA pandemic Task Force (COVID-ETF).

 The Task Force is helping EU Member States and the European Commission to take quick and coordinated regulatory action on the development, authorisation and safety monitoring of treatments and vaccines intended for the treatment and prevention of COVID-19.",9 April,EMA establishes task force to take quick and coordinated regulatory action related to COVID-19 medicines (09/04/2020)  ,"['EMA', '’', 's', 'governance', 'during', 'COVID-19', 'pandemic']","['EMA', 'publish', 'the', 'mandate', 'of', 'it', 'COVID-19', 'EMA', 'pandemic', 'Task', 'Force', '(', 'COVID-ETF', ')', '.', 'The', 'Task', 'Force', 'be', 'help', 'EU', 'Member', 'States', 'and', 'the', 'European', 'Commission', 'to', 'take', 'quick', 'and', 'coordinate', 'regulatory', 'action', 'on', 'the', 'development', ',', 'authorisation', 'and', 'safety', 'monitor', 'of', 'treatment', 'and', 'vaccine', 'intend', 'for', 'the', 'treatment', 'and', 'prevention', 'of', 'COVID-19', '.']","['EMA published the \n\n\nmandate of its COVID-19 EMA pandemic Task Force (COVID-ETF).', 'The Task Force is helping EU Member States and the European Commission to take quick and coordinated regulatory action on the development, authorisation and safety monitoring of treatments and vaccines intended for the treatment and prevention of COVID-19.']"
International Coalition of Medicines Regulatory Authorities (ICMRA),https://www.ema.europa.eu/en/partners-networks/international-activities/multilateral-organisations-initiatives/international-coalition-medicines-regulatory-authorities-icmra,The International Coalition of Medicines Regulatory Authorities published the report summarising the second global regulatory workshop on COVID-19 medicine development held on Thursday 2 April. The report stresses the need for robust evidence to show which potential treatments work. EMA co-chaired the meeting.,9 April,Global regulators stress need for robust evidence on COVID-19 treatments (09/04/2020),"['International', 'Coalition', 'of', 'Medicines', 'Regulatory', 'Authorities', '(', 'ICMRA', ')']","['The', 'International', 'Coalition', 'of', 'Medicines', 'Regulatory', 'Authorities', 'publish', 'the', 'report', 'summarise', 'the', 'second', 'global', 'regulatory', 'workshop', 'on', 'COVID-19', 'medicine', 'development', 'hold', 'on', 'Thursday', '2', 'April', '.', 'The', 'report', 'stress', 'the', 'need', 'for', 'robust', 'evidence', 'to', 'show', 'which', 'potential', 'treatment', 'work', '.', 'EMA', 'co-chaired', 'the', 'meet', '.']","['The\xa0International Coalition of Medicines Regulatory Authorities\xa0published the\xa0report\xa0summarising the second global regulatory workshop\xa0on COVID-19 medicine development held on Thursday 2 April.', 'The report stresses the need for robust evidence to show which potential treatments work.', 'EMA co-chaired the meeting.']"
International Coalition of Medicines Regulatory Authorities (ICMRA),https://www.ema.europa.eu/en/partners-networks/international-activities/multilateral-organisations-initiatives/international-coalition-medicines-regulatory-authorities-icmra,EMA and Health Canada jointly chaired the third global regulatory workshop on Monday 6 April under the umbrella of the International Coalition of Medicines Regulatory Authorities (ICMRA). The participants discussed how data generated during clinical practice in the treatment of COVID-19 could complement evidence from clinical trials of potential COVID-19 treatments and vaccines.,7 April,Global regulators discuss observational studies of real world data for COVID-19 medicines (07/04/2020),"['International', 'Coalition', 'of', 'Medicines', 'Regulatory', 'Authorities', '(', 'ICMRA', ')']","['EMA', 'and', 'Health', 'Canada', 'jointly', 'chair', 'the', 'third', 'global', 'regulatory', 'workshop', 'on', 'Monday', '6', 'April', 'under', 'the', 'umbrella', 'of', 'the', 'International', 'Coalition', 'of', 'Medicines', 'Regulatory', 'Authorities', '(', 'ICMRA', ')', '.', 'The', 'participant', 'discuss', 'how', 'data', 'generate', 'during', 'clinical', 'practice', 'in', 'the', 'treatment', 'of', 'COVID-19', 'could', 'complement', 'evidence', 'from', 'clinical', 'trial', 'of', 'potential', 'COVID-19', 'treatment', 'and', 'vaccine', '.']","['EMA and\xa0Health Canada\xa0jointly chaired the third global regulatory workshop on Monday 6 April under the umbrella of the\xa0International Coalition of Medicines Regulatory Authorities (ICMRA).', 'The participants discussed how data generated during clinical practice in the treatment of COVID-19 could complement evidence from\xa0clinical trials\xa0of potential COVID-19 treatments and vaccines.']"
EMA’s governance during COVID-19 pandemic,https://www.ema.europa.eu/en/human-regulatory/overview/public-health-threats/coronavirus-disease-covid-19/emas-governance-during-covid-19-pandemic,EMA announced that essential work to combat the COVID-19 pandemic would continue during the Agency’s Easter break from 9 to 13 April 2020.,7 April,Essential work to combat the COVID-19 pandemic to continue during EMA's Easter break from 9 to 13 April 2020 (07/04/2020),"['EMA', '’', 's', 'governance', 'during', 'COVID-19', 'pandemic']","['EMA', 'announce', 'that', 'essential', 'work', 'to', 'combat', 'the', 'COVID-19', 'pandemic', 'would', 'continue', 'during', 'the', 'Agency', '’', 's', 'Easter', 'break', 'from', '9', 'to', '13', 'April', '2020', '.']",['EMA announced that essential work to combat the COVID-19 pandemic would continue during the Agency’s Easter break from 9 to 13 April 2020.']
Availability of medicines during COVID-19 pandemic,https://www.ema.europa.eu/en/human-regulatory/overview/public-health-threats/coronavirus-disease-covid-19/availability-medicines-during-covid-19-pandemic,"EMA announced new EU-level measures to help prevent and mitigate supply issues with medicines used to treat COVID-19 patients. These include enhanced coordination with the pharmaceutical industry in monitoring supply issues and regulatory actions to support companies in increasing the available supply of critical medicines. During this extraordinary health crisis, EMA will act as the central EU coordinator, supporting Member States' activities in preventing and mitigating supply issues.",6 April,EU authorities agree new measures to support availability of medicines used in the COVID-19 pandemic (06/04/2020),"['Availability', 'of', 'medicine', 'during', 'COVID-19', 'pandemic']","['EMA', 'announce', 'new', 'EU-level', 'measure', 'to', 'help', 'prevent', 'and', 'mitigate', 'supply', 'issue', 'with', 'medicine', 'use', 'to', 'treat', 'COVID-19', 'patient', '.', 'These', 'include', 'enhance', 'coordination', 'with', 'the', 'pharmaceutical', 'industry', 'in', 'monitor', 'supply', 'issue', 'and', 'regulatory', 'action', 'to', 'support', 'company', 'in', 'increase', 'the', 'available', 'supply', 'of', 'critical', 'medicine', '.', 'During', 'this', 'extraordinary', 'health', 'crisis', ',', 'EMA', 'will', 'act', 'a', 'the', 'central', 'EU', 'coordinator', ',', 'support', 'Member', 'States', ""'"", 'activity', 'in', 'prevent', 'and', 'mitigate', 'supply', 'issue', '.']","['EMA announced new EU-level measures to help prevent and mitigate supply issues with medicines used to treat COVID-19 patients.', 'These include enhanced coordination with the pharmaceutical industry in monitoring supply issues and regulatory actions to support companies in increasing the available supply of critical medicines.', ""During this extraordinary health crisis, EMA will act as the central EU coordinator, supporting Member States' activities in preventing and mitigating supply issues.""]"
Treatments and vaccines for COVID-19,https://www.ema.europa.eu/en/human-regulatory/overview/public-health-threats/coronavirus-disease-covid-19/treatments-vaccines-covid-19,EMA’s human medicines committee (CHMP) gave recommendations on how the investigational antiviral medicine remdesivir should be used in compassionate use programmes across Europe when treating COVID-19 patients who are not eligible for inclusion in clinical trials. These recommendations aim to ensure a harmonised approach across EU Member States. They also explain which group of patients may benefit from treatment and provide preliminary information on the medicine’s safety.,3 April,EMA provides recommendations on compassionate use of remdesivir for COVID-19 (03/04/2020),"['Treatments', 'and', 'vaccine', 'for', 'COVID-19']","['EMA', '’', 's', 'human', 'medicine', 'committee', '(', 'CHMP', ')', 'give', 'recommendation', 'on', 'how', 'the', 'investigational', 'antiviral', 'medicine', 'remdesivir', 'should', 'be', 'use', 'in', 'compassionate', 'use', 'programme', 'across', 'Europe', 'when', 'treat', 'COVID-19', 'patient', 'who', 'be', 'not', 'eligible', 'for', 'inclusion', 'in', 'clinical', 'trial', '.', 'These', 'recommendation', 'aim', 'to', 'ensure', 'a', 'harmonise', 'approach', 'across', 'EU', 'Member', 'States', '.', 'They', 'also', 'explain', 'which', 'group', 'of', 'patient', 'may', 'benefit', 'from', 'treatment', 'and', 'provide', 'preliminary', 'information', 'on', 'the', 'medicine', '’', 's', 'safety', '.']","['EMA’s human medicines committee (CHMP) gave recommendations on how the investigational antiviral medicine remdesivir should be used in compassionate use programmes across Europe when treating COVID-19 patients who are not eligible for inclusion in clinical trials.', 'These recommendations aim to ensure a harmonised approach across EU Member States.', 'They also explain which group of patients may benefit from treatment and provide preliminary information on the medicine’s safety.']"
International Coalition of Medicines Regulatory Authorities (ICMRA),https://www.ema.europa.eu/en/partners-networks/international-activities/multilateral-organisations-initiatives/international-coalition-medicines-regulatory-authorities-icmra,EMA and the Japanese Pharmaceuticals and Medical Devices Agency (PMDA) jointly chaired the second global regulatory workshop on Thursday 2 April under the umbrella of the International Coalition of Medicines Regulatory Authorities (ICMRA). The participants discussed the progress made in the development of potential COVID-19 treatments and reaffirmed the need for large clinical trials to generate conclusive evidence on which treatments work. ICMRA will publish a summary report of the meeting shortly.,3 April,International regulators discuss available knowledge supporting COVID-19 medicine development  (03/04/2020),"['International', 'Coalition', 'of', 'Medicines', 'Regulatory', 'Authorities', '(', 'ICMRA', ')']","['EMA', 'and', 'the', 'Japanese', 'Pharmaceuticals', 'and', 'Medical', 'Devices', 'Agency', '(', 'PMDA', ')', 'jointly', 'chair', 'the', 'second', 'global', 'regulatory', 'workshop', 'on', 'Thursday', '2', 'April', 'under', 'the', 'umbrella', 'of', 'the', 'International', 'Coalition', 'of', 'Medicines', 'Regulatory', 'Authorities', '(', 'ICMRA', ')', '.', 'The', 'participant', 'discuss', 'the', 'progress', 'make', 'in', 'the', 'development', 'of', 'potential', 'COVID-19', 'treatment', 'and', 'reaffirm', 'the', 'need', 'for', 'large', 'clinical', 'trial', 'to', 'generate', 'conclusive', 'evidence', 'on', 'which', 'treatment', 'work', '.', 'ICMRA', 'will', 'publish', 'a', 'summary', 'report', 'of', 'the', 'meet', 'shortly', '.']","['EMA and the Japanese Pharmaceuticals and Medical Devices Agency (PMDA) jointly chaired the second global regulatory workshop on Thursday 2 April under the umbrella of the International Coalition of Medicines Regulatory Authorities (ICMRA).', 'The participants discussed the progress made in the development of potential COVID-19 treatments and reaffirmed the need for large clinical trials to generate conclusive evidence on which treatments work.', 'ICMRA will publish a summary report of the meeting shortly.']"
Public-health advice during COVID-19 pandemic,https://www.ema.europa.eu/en/human-regulatory/overview/public-health-threats/coronavirus-disease-covid-19/public-health-advice-during-covid-19-pandemic,EMA advised patients and healthcare professionals to only use chloroquine and hydroxychloroquine medicines for their authorised indications or as part of clinical trials or national emergency use programmes for the treatment of COVID-19. This is to ensure patient safety and the best use of available supplies.,1 April,COVID-19: chloroquine and hydroxychloroquine only to be used in clinical trials or emergency use programmes (01/04/2020),"['Public-health', 'advice', 'during', 'COVID-19', 'pandemic']","['EMA', 'advise', 'patient', 'and', 'healthcare', 'professional', 'to', 'only', 'use', 'chloroquine', 'and', 'hydroxychloroquine', 'medicine', 'for', 'their', 'authorise', 'indication', 'or', 'a', 'part', 'of', 'clinical', 'trial', 'or', 'national', 'emergency', 'use', 'programme', 'for', 'the', 'treatment', 'of', 'COVID-19', '.', 'This', 'be', 'to', 'ensure', 'patient', 'safety', 'and', 'the', 'best', 'use', 'of', 'available', 'supply', '.']","['EMA advised patients and healthcare professionals to only use chloroquine and hydroxychloroquine medicines for their authorised indications or as part of clinical trials or national emergency use programmes for the treatment of COVID-19.', 'This is to ensure patient safety and the best use of available supplies.']"
Treatments and vaccines for COVID-19,https://www.ema.europa.eu/en/human-regulatory/overview/public-health-threats/coronavirus-disease-covid-19/treatments-vaccines-covid-19,EMA announced that it has held discussions with developers of around 40 potential treatments and a dozen vaccines against COVID-19. No potential COVID-19 treatments had demonstrated efficacy based on the preliminary data available. EMA welcomes the launch of large clinical trials to test promising treatments and to generate conclusive evidence. Two vaccines had already entered phase I clinical trials. EMA estimated that it might take at least a year before a vaccine is ready for approval and available in sufficient quantities to enable widespread use.,31 Match,Update on treatments and vaccines against COVID-19 under development  (31/03/2020),"['Treatments', 'and', 'vaccine', 'for', 'COVID-19']","['EMA', 'announce', 'that', 'it', 'ha', 'hold', 'discussion', 'with', 'developer', 'of', 'around', '40', 'potential', 'treatment', 'and', 'a', 'dozen', 'vaccine', 'against', 'COVID-19', '.', 'No', 'potential', 'COVID-19', 'treatment', 'have', 'demonstrate', 'efficacy', 'base', 'on', 'the', 'preliminary', 'data', 'available', '.', 'EMA', 'welcome', 'the', 'launch', 'of', 'large', 'clinical', 'trial', 'to', 'test', 'promise', 'treatment', 'and', 'to', 'generate', 'conclusive', 'evidence', '.', 'Two', 'vaccine', 'have', 'already', 'enter', 'phase', 'I', 'clinical', 'trial', '.', 'EMA', 'estimate', 'that', 'it', 'might', 'take', 'at', 'least', 'a', 'year', 'before', 'a', 'vaccine', 'be', 'ready', 'for', 'approval', 'and', 'available', 'in', 'sufficient', 'quantity', 'to', 'enable', 'widespread', 'use', '.']","['EMA announced that it has held discussions with developers of around 40 potential treatments and a dozen vaccines against COVID-19.', 'No potential COVID-19 treatments had demonstrated efficacy based on the preliminary data available.', 'EMA welcomes the launch of large clinical trials to test promising treatments and to generate conclusive evidence.', 'Two vaccines had already entered phase I clinical trials.', 'EMA estimated that it might take at least a year before a vaccine is ready for approval and available in sufficient quantities to enable widespread use.']"
Certification of medicinal products,https://www.ema.europa.eu/en/human-regulatory/post-authorisation/certification-medicinal-products,EMA started issuing certificates that are signed and authenticated electronically in place of paper certificates. This applies to all ongoing and future requests for certificates during the COVID-19 pandemic.,30 March,EMA to issue electronic certificates for medicines (30/03/2020),"['Certification', 'of', 'medicinal', 'product']","['EMA', 'start', 'issue', 'certificate', 'that', 'be', 'sign', 'and', 'authenticate', 'electronically', 'in', 'place', 'of', 'paper', 'certificate', '.', 'This', 'apply', 'to', 'all', 'ongoing', 'and', 'future', 'request', 'for', 'certificate', 'during', 'the', 'COVID-19', 'pandemic', '.']","['EMA started issuing certificates that are signed and authenticated electronically in place of paper certificates.', 'This applies to all ongoing and future requests for certificates during the COVID-19 pandemic.']"
Guidance for medicine developers and companies on COVID-19,https://www.ema.europa.eu/en/human-regulatory/overview/public-health-threats/coronavirus-disease-covid-19/guidance-medicine-developers-companies-covid-19,"EMA, the European Commission and the Heads of Medicines Agencies updated the Guidance on the management of clinical trials during the COVID-19 (coronavirus) pandemic to cover safety reporting, the distribution of in-vitro diagnostics, medical devices and auditing. The updated guidance also incorporates changes in other sections, in particular on communicating with authorities, informed consent and the distribution of investigational medicines.",27 March, ,"['Guidance', 'for', 'medicine', 'developer', 'and', 'company', 'on', 'COVID-19']","['EMA', ',', 'the', 'European', 'Commission', 'and', 'the', 'Heads', 'of', 'Medicines', 'Agencies', 'update', 'the', 'Guidance', 'on', 'the', 'management', 'of', 'clinical', 'trial', 'during', 'the', 'COVID-19', '(', 'coronavirus', ')', 'pandemic', 'to', 'cover', 'safety', 'report', ',', 'the', 'distribution', 'of', 'in-vitro', 'diagnostics', ',', 'medical', 'device', 'and', 'audit', '.', 'The', 'update', 'guidance', 'also', 'incorporate', 'change', 'in', 'other', 'section', ',', 'in', 'particular', 'on', 'communicate', 'with', 'authority', ',', 'inform', 'consent', 'and', 'the', 'distribution', 'of', 'investigational', 'medicine', '.']","['EMA, the European Commission and the\xa0Heads of Medicines Agencies\xa0updated the\xa0Guidance on the management of clinical trials during the COVID-19 (coronavirus) pandemic\xa0to cover\xa0safety reporting, the distribution of in-vitro diagnostics, medical devices and auditing.', 'The updated guidance also incorporates changes in other sections, in particular on communicating with authorities, informed consent and the distribution of investigational medicines.']"
Public-health advice during COVID-19 pandemic,https://www.ema.europa.eu/en/human-regulatory/overview/public-health-threats/coronavirus-disease-covid-19/public-health-advice-during-covid-19-pandemic,"EMA advised patients and healthcare professionals that angiotensin converting enzyme (ACE) inhibitors and angiotensin receptor blockers (ARBs, or sartan medicines) can continue to be used to treat high blood pressure, heart failure or kidney disease during the COVID-19 pandemic. There is currently no evidence from clinical or epidemiological studies that establishes a link between these medicines and worsening of COVID-19. Patients taking these medicines should not interrupt their treatment without speaking to their doctor or pharmacist first. EMA will keep its information on new COVID-19-related treatment recommendations up to date.",27 March,"EMA advises continued use of medicines for hypertension, heart or kidney disease during COVID-19 pandemic (27/03/2020)","['Public-health', 'advice', 'during', 'COVID-19', 'pandemic']","['EMA', 'advise', 'patient', 'and', 'healthcare', 'professional', 'that', 'angiotensin', 'convert', 'enzyme', '(', 'ACE', ')', 'inhibitor', 'and', 'angiotensin', 'receptor', 'blocker', '(', 'ARBs', ',', 'or', 'sartan', 'medicine', ')', 'can', 'continue', 'to', 'be', 'use', 'to', 'treat', 'high', 'blood', 'pressure', ',', 'heart', 'failure', 'or', 'kidney', 'disease', 'during', 'the', 'COVID-19', 'pandemic', '.', 'There', 'be', 'currently', 'no', 'evidence', 'from', 'clinical', 'or', 'epidemiological', 'study', 'that', 'establish', 'a', 'link', 'between', 'these', 'medicine', 'and', 'worsen', 'of', 'COVID-19', '.', 'Patients', 'take', 'these', 'medicine', 'should', 'not', 'interrupt', 'their', 'treatment', 'without', 'speak', 'to', 'their', 'doctor', 'or', 'pharmacist', 'first', '.', 'EMA', 'will', 'keep', 'it', 'information', 'on', 'new', 'COVID-19-related', 'treatment', 'recommendation', 'up', 'to', 'date', '.']","['EMA advised patients and healthcare professionals that angiotensin converting enzyme (ACE) inhibitors and angiotensin receptor blockers (ARBs, or sartan medicines) can continue to be used to treat high blood pressure, heart failure or kidney disease during the COVID-19 pandemic.', 'There is currently no evidence from clinical or epidemiological studies that establishes a link between these medicines and worsening of COVID-19.', 'Patients taking these medicines should not interrupt their treatment without speaking to their doctor or pharmacist first.', 'EMA will keep its information on new COVID-19-related treatment recommendations up to date.']"
Treatments and vaccines for COVID-19,https://www.ema.europa.eu/en/human-regulatory/overview/public-health-threats/coronavirus-disease-covid-19/treatments-vaccines-covid-19,"EMA and the European Network of Centres for Pharmacoepidemiology and Pharmacovigilance (ENCePP) encouraged all researchers to register their pharmacoepidemiological studies related to the COVID-19 pandemic in the EU PAS Register. They should also upload and make their study protocols public, with a description of the data collected or planned to be collected. This is to facilitate collaborations and speed up the design of observational studies by others. Researchers should include ‘COVID-19’ in the study title to allow easy retrieval of all COVID-19-related studies via the ‘Title of Study’ search filter.",27 March, ,"['Treatments', 'and', 'vaccine', 'for', 'COVID-19']","['EMA', 'and', 'the', 'European', 'Network', 'of', 'Centres', 'for', 'Pharmacoepidemiology', 'and', 'Pharmacovigilance', '(', 'ENCePP', ')', 'encourage', 'all', 'researcher', 'to', 'register', 'their', 'pharmacoepidemiological', 'study', 'relate', 'to', 'the', 'COVID-19', 'pandemic', 'in', 'the', 'EU', 'PAS', 'Register', '.', 'They', 'should', 'also', 'upload', 'and', 'make', 'their', 'study', 'protocol', 'public', ',', 'with', 'a', 'description', 'of', 'the', 'data', 'collect', 'or', 'plan', 'to', 'be', 'collect', '.', 'This', 'be', 'to', 'facilitate', 'collaboration', 'and', 'speed', 'up', 'the', 'design', 'of', 'observational', 'study', 'by', 'others', '.', 'Researchers', 'should', 'include', '‘', 'COVID-19', '’', 'in', 'the', 'study', 'title', 'to', 'allow', 'easy', 'retrieval', 'of', 'all', 'COVID-19-related', 'study', 'via', 'the', '‘', 'Title', 'of', 'Study', '’', 'search', 'filter', '.']","['EMA and the\xa0European Network of Centres for Pharmacoepidemiology and Pharmacovigilance (ENCePP)\xa0encouraged all researchers to register their pharmacoepidemiological studies related to the COVID-19 pandemic in the\xa0EU PAS Register.', 'They should also upload and make their study protocols public, with a description of the data collected or planned to be collected.', 'This is to facilitate collaborations and speed up the design of observational studies by others.', 'Researchers should include ‘COVID-19’ in the study title to allow easy retrieval of all COVID-19-related studies via the ‘Title of Study’ search filter.']"
Guidance for medicine developers and companies on COVID-19,https://www.ema.europa.eu/en/human-regulatory/overview/public-health-threats/coronavirus-disease-covid-19/guidance-medicine-developers-companies-covid-19,EMA published guidance on the actions that sponsors of ongoing clinical trials affected by the COVID-19 pandemic should take to help ensure the integrity of their studies and the interpretation of study results while safeguarding the safety of trial participants as a first priority. This complements the good clinical practice guidance on how sponsors should adjust the management of clinical trials and participants during the pandemic.,25 March, ,"['Guidance', 'for', 'medicine', 'developer', 'and', 'company', 'on', 'COVID-19']","['EMA', 'publish', 'guidance', 'on', 'the', 'action', 'that', 'sponsor', 'of', 'ongoing', 'clinical', 'trial', 'affect', 'by', 'the', 'COVID-19', 'pandemic', 'should', 'take', 'to', 'help', 'ensure', 'the', 'integrity', 'of', 'their', 'study', 'and', 'the', 'interpretation', 'of', 'study', 'result', 'while', 'safeguard', 'the', 'safety', 'of', 'trial', 'participant', 'a', 'a', 'first', 'priority', '.', 'This', 'complement', 'the', 'good', 'clinical', 'practice', 'guidance', 'on', 'how', 'sponsor', 'should', 'adjust', 'the', 'management', 'of', 'clinical', 'trial', 'and', 'participant', 'during', 'the', 'pandemic', '.']","['EMA published\xa0guidance on the actions that sponsors of ongoing clinical trials affected by the COVID-19 pandemic should take\xa0to help ensure the integrity of their studies and the interpretation of study results while safeguarding the safety of trial participants as a first priority.', 'This complements the\xa0good clinical practice guidance\xa0on how sponsors should adjust the management of clinical trials\xa0and participants during the pandemic.']"
International Coalition of Medicines Regulatory Authorities (ICMRA),https://www.ema.europa.eu/en/partners-networks/international-activities/multilateral-organisations-initiatives/international-coalition-medicines-regulatory-authorities-icmra,The International Coalition of Medicines Regulatory Authorities published a summary report of the first global regulatory workshop on COVID-19 vaccine development which was co-chaired by EMA. The report focuses on pre-clinical data requirements and the theoretical risk that vaccines against COVID-19 enhance the disease prior to starting first-in-human clinical trials.,24 March,Global regulators map out data requirements for phase 1 COVID-19 vaccine trials (14/03/22020),"['International', 'Coalition', 'of', 'Medicines', 'Regulatory', 'Authorities', '(', 'ICMRA', ')']","['The', 'International', 'Coalition', 'of', 'Medicines', 'Regulatory', 'Authorities', 'publish', 'a', 'summary', 'report', 'of', 'the', 'first', 'global', 'regulatory', 'workshop', 'on', 'COVID-19', 'vaccine', 'development', 'which', 'wa', 'co-chaired', 'by', 'EMA', '.', 'The', 'report', 'focus', 'on', 'pre-clinical', 'data', 'requirement', 'and', 'the', 'theoretical', 'risk', 'that', 'vaccine', 'against', 'COVID-19', 'enhance', 'the', 'disease', 'prior', 'to', 'start', 'first-in-human', 'clinical', 'trial', '.']","['The\xa0International Coalition of Medicines Regulatory Authorities\xa0published a\xa0summary report\xa0of\xa0the first global regulatory workshop on COVID-19 vaccine development which was co-chaired by EMA.', 'The report focuses on pre-clinical data requirements and\xa0the\xa0theoretical risk that vaccines against COVID-19 enhance the disease prior to starting first-in-human\xa0clinical trials.']"
Availability of medicines during COVID-19 pandemic,https://www.ema.europa.eu/en/human-regulatory/overview/public-health-threats/coronavirus-disease-covid-19/availability-medicines-during-covid-19-pandemic,"Some Member States are experiencing medicine shortages due to an increased demand for some medicines. This is either because the medicines are used to treat COVID-19 patients or because patients are requesting more than their usual supplies. In order to prevent unnecessary strain on supply chains, patients should only receive their usual supply of medicines. For information on ongoing medicine shortages in the EU, patients and healthcare professionals can check the relevant national shortages registers and EMA's shortages catalogue.",24 March, ,"['Availability', 'of', 'medicine', 'during', 'COVID-19', 'pandemic']","['Some', 'Member', 'States', 'be', 'experience', 'medicine', 'shortage', 'due', 'to', 'an', 'increase', 'demand', 'for', 'some', 'medicine', '.', 'This', 'be', 'either', 'because', 'the', 'medicine', 'be', 'use', 'to', 'treat', 'COVID-19', 'patient', 'or', 'because', 'patient', 'be', 'request', 'more', 'than', 'their', 'usual', 'supply', '.', 'In', 'order', 'to', 'prevent', 'unnecessary', 'strain', 'on', 'supply', 'chain', ',', 'patient', 'should', 'only', 'receive', 'their', 'usual', 'supply', 'of', 'medicine', '.', 'For', 'information', 'on', 'ongoing', 'medicine', 'shortage', 'in', 'the', 'EU', ',', 'patient', 'and', 'healthcare', 'professional', 'can', 'check', 'the', 'relevant', 'national', 'shortage', 'register', 'and', ""EMA's"", 'shortage', 'catalogue', '.']","['Some Member States are experiencing medicine shortages due to an increased demand for some medicines.', 'This is either because the medicines are used to treat COVID-19 patients or because patients are requesting more than their usual supplies.', 'In order to prevent unnecessary strain on supply chains, patients should only receive their usual supply of medicines.', ""For information on ongoing medicine shortages in the EU, patients and healthcare professionals can check the relevant\xa0national shortages registers\xa0and EMA's\xa0shortages catalogue.""]"
Buying medicines online,https://www.ema.europa.eu/en/human-regulatory/overview/public-health-threats/falsified-medicines/buying-medicines-online,EMA urged patients to beware of potential falsified medicines sold by unregistered websites and vendors. These vendors may be exploiting fears during the COVID-19 pandemic and claiming that their products can prevent or cure COVID-19. They may also appear to provide easy access to medicines that are otherwise not readily available. Patients can stay safe when buying medicines online by following EU advice.,24 March,COVID-19: Beware of falsified medicines from unregistered websites (24/03/2020),"['Buying', 'medicine', 'online']","['EMA', 'urge', 'patient', 'to', 'beware', 'of', 'potential', 'falsify', 'medicine', 'sell', 'by', 'unregistered', 'website', 'and', 'vendor', '.', 'These', 'vendor', 'may', 'be', 'exploit', 'fear', 'during', 'the', 'COVID-19', 'pandemic', 'and', 'claim', 'that', 'their', 'product', 'can', 'prevent', 'or', 'cure', 'COVID-19', '.', 'They', 'may', 'also', 'appear', 'to', 'provide', 'easy', 'access', 'to', 'medicine', 'that', 'be', 'otherwise', 'not', 'readily', 'available', '.', 'Patients', 'can', 'stay', 'safe', 'when', 'buy', 'medicine', 'online', 'by', 'follow', 'EU', 'advice', '.']","['EMA urged patients to beware of potential\xa0falsified medicines\xa0sold by unregistered websites and vendors.', 'These vendors may be exploiting fears during the COVID-19 pandemic and claiming that their products can prevent or cure COVID-19.', 'They may also appear to provide easy access to medicines that are otherwise not readily available.', 'Patients can stay safe when buying medicines online by following\xa0EU advice.']"
Guidance for medicine developers and companies on COVID-19,https://www.ema.europa.eu/en/human-regulatory/overview/public-health-threats/coronavirus-disease-covid-19/guidance-medicine-developers-companies-covid-19,"The European Commission, EMA and the Head of Medicines Agencies provided guidance for sponsors on how they should adjust the management of clinical trials and participants during the COVID-19 pandemic. It covers how to deal with the extraordinary situations the pandemic presents and includes specific advice on clinical trials for COVID-19 treatments.",20 March,Guidance to sponsors on how to manage clinical trials during the COVID-19 pandemic (20/03/2020),"['Guidance', 'for', 'medicine', 'developer', 'and', 'company', 'on', 'COVID-19']","['The', 'European', 'Commission', ',', 'EMA', 'and', 'the', 'Head', 'of', 'Medicines', 'Agencies', 'provide', 'guidance', 'for', 'sponsor', 'on', 'how', 'they', 'should', 'adjust', 'the', 'management', 'of', 'clinical', 'trial', 'and', 'participant', 'during', 'the', 'COVID-19', 'pandemic', '.', 'It', 'cover', 'how', 'to', 'deal', 'with', 'the', 'extraordinary', 'situation', 'the', 'pandemic', 'present', 'and', 'include', 'specific', 'advice', 'on', 'clinical', 'trial', 'for', 'COVID-19', 'treatment', '.']","['The European Commission, EMA and the Head of Medicines Agencies\xa0provided\xa0guidance for sponsors\xa0on how they should adjust the management of\xa0clinical trials\xa0and participants during the COVID-19 pandemic.', 'It covers how to deal with the extraordinary situations the pandemic presents and includes specific advice on\xa0clinical trials\xa0for COVID-19 treatments.']"
EMA’s governance during COVID-19 pandemic,https://www.ema.europa.eu/en/human-regulatory/overview/public-health-threats/coronavirus-disease-covid-19/emas-governance-during-covid-19-pandemic,EMA’s first Management Board meeting of 2020 took place virtually and was reduced to one and a half hours to allow EMA and the Member States to continue to focus resources on the response to the pandemic.,20 March,EMA Management Board – highlights of March 2020 meeting (20/03/2020),"['EMA', '’', 's', 'governance', 'during', 'COVID-19', 'pandemic']","['EMA', '’', 's', 'first', 'Management', 'Board', 'meet', 'of', '2020', 'take', 'place', 'virtually', 'and', 'wa', 'reduce', 'to', 'one', 'and', 'a', 'half', 'hour', 'to', 'allow', 'EMA', 'and', 'the', 'Member', 'States', 'to', 'continue', 'to', 'focus', 'resource', 'on', 'the', 'response', 'to', 'the', 'pandemic', '.']",['EMA’s\xa0first Management Board meeting of 2020\xa0took place virtually and was reduced to one and a half hours to allow EMA and the Member States to continue to focus resources on the response to the pandemic.']
Guidance for medicine developers and companies on COVID-19,https://www.ema.europa.eu/en/human-regulatory/overview/public-health-threats/coronavirus-disease-covid-19/guidance-medicine-developers-companies-covid-19,EMA's Committee for Medicinal Products for Human Use (CHMP) urged the EU research community to prioritise large randomised controlled clinical studies as these are most likely to generate the conclusive evidence needed to enable rapid development and approval of potential COVID-19 treatments. They also emphasised the need to include all EU countries in these trials. EMA is currently engaging with stakeholders who can further support the conduct of clinical trials across Europe.,19 March,"Call to pool research resources into large multi-centre, multi-arm clinical trials to generate sound evidence on COVID-19 treatments  (19/03/2020)","['Guidance', 'for', 'medicine', 'developer', 'and', 'company', 'on', 'COVID-19']","['EMA', ""'s"", 'Committee', 'for', 'Medicinal', 'Products', 'for', 'Human', 'Use', '(', 'CHMP', ')', 'urge', 'the', 'EU', 'research', 'community', 'to', 'prioritise', 'large', 'randomise', 'control', 'clinical', 'study', 'a', 'these', 'be', 'most', 'likely', 'to', 'generate', 'the', 'conclusive', 'evidence', 'need', 'to', 'enable', 'rapid', 'development', 'and', 'approval', 'of', 'potential', 'COVID-19', 'treatment', '.', 'They', 'also', 'emphasise', 'the', 'need', 'to', 'include', 'all', 'EU', 'country', 'in', 'these', 'trial', '.', 'EMA', 'be', 'currently', 'engage', 'with', 'stakeholder', 'who', 'can', 'further', 'support', 'the', 'conduct', 'of', 'clinical', 'trial', 'across', 'Europe', '.']","[""EMA's Committee for Medicinal Products for Human Use (CHMP) urged the EU research community to prioritise large randomised controlled clinical studies as these are most likely to generate the conclusive evidence needed to enable rapid development and approval of potential COVID-19 treatments."", 'They also emphasised the need to include all EU countries in these trials.', 'EMA is currently engaging with stakeholders who can further support the conduct of clinical trials across Europe.']"
International Coalition of Medicines Regulatory Authorities (ICMRA),https://www.ema.europa.eu/en/partners-networks/international-activities/multilateral-organisations-initiatives/international-coalition-medicines-regulatory-authorities-icmra,"The first global regulatory workshop on COVID-19 was convened under the umbrella of the International Coalition of Medicines Regulatory Authorities. Co-chaired by EMA and the US Food and Drug Administration, it brought together delegates from 17 countries and experts from the World Health Organization and the European Commission to discuss the development of vaccines against COVID-19.",18 March,First regulatory workshop on COVID-19 facilitates global collaboration on vaccine development (18/03/2020),"['International', 'Coalition', 'of', 'Medicines', 'Regulatory', 'Authorities', '(', 'ICMRA', ')']","['The', 'first', 'global', 'regulatory', 'workshop', 'on', 'COVID-19', 'wa', 'convene', 'under', 'the', 'umbrella', 'of', 'the', 'International', 'Coalition', 'of', 'Medicines', 'Regulatory', 'Authorities', '.', 'Co-chaired', 'by', 'EMA', 'and', 'the', 'US', 'Food', 'and', 'Drug', 'Administration', ',', 'it', 'bring', 'together', 'delegate', 'from', '17', 'country', 'and', 'expert', 'from', 'the', 'World', 'Health', 'Organization', 'and', 'the', 'European', 'Commission', 'to', 'discus', 'the', 'development', 'of', 'vaccine', 'against', 'COVID-19', '.']","['The first global regulatory workshop on COVID-19\xa0was convened under the umbrella of the\xa0International Coalition of Medicines Regulatory Authorities.', 'Co-chaired by EMA\xa0and the US\xa0Food and Drug Administration, it brought together delegates from 17 countries and experts from the\xa0World Health Organization\xa0and the\xa0European Commission\xa0to discuss the development of vaccines against COVID-19.']"
Public-health advice during COVID-19 pandemic,https://www.ema.europa.eu/en/human-regulatory/overview/public-health-threats/coronavirus-disease-covid-19/public-health-advice-during-covid-19-pandemic,"EMA advised patients and healthcare professionals that there currently no scientific evidence establishing a link between ibuprofen and worsening of COVID 19. However, EMA calls for further studies, which it is ready to support. Patients and healthcare professionals should consider all available options for treating coronavirus symptoms, including paracetamol and NSAIDs, in line with the product information and national guidelines.",18 March,EMA gives advice on the use of non-steroidal anti-inflammatories for COVID-19 (18/03/2020),"['Public-health', 'advice', 'during', 'COVID-19', 'pandemic']","['EMA', 'advise', 'patient', 'and', 'healthcare', 'professional', 'that', 'there', 'currently', 'no', 'scientific', 'evidence', 'establish', 'a', 'link', 'between', 'ibuprofen', 'and', 'worsen', 'of', 'COVID', '19', '.', 'However', ',', 'EMA', 'call', 'for', 'further', 'study', ',', 'which', 'it', 'be', 'ready', 'to', 'support', '.', 'Patients', 'and', 'healthcare', 'professional', 'should', 'consider', 'all', 'available', 'option', 'for', 'treat', 'coronavirus', 'symptom', ',', 'include', 'paracetamol', 'and', 'NSAIDs', ',', 'in', 'line', 'with', 'the', 'product', 'information', 'and', 'national', 'guideline', '.']","['EMA advised patients and healthcare professionals that there\xa0currently no scientific evidence establishing a link between ibuprofen and worsening of COVID 19.', 'However, EMA calls for further studies, which it is ready to support.', 'Patients and healthcare professionals should consider all available options for treating coronavirus symptoms, including paracetamol and NSAIDs, in line with the product information and national guidelines.']"
EMA’s governance during COVID-19 pandemic,https://www.ema.europa.eu/en/human-regulatory/overview/public-health-threats/coronavirus-disease-covid-19/emas-governance-during-covid-19-pandemic,"EMA announced that it will participate as observer in the European Commission's advisory panel on COVID-19. Chaired by Commission President Ursula von der Leyen and co-chaired by Stella Kyriakides, Commissioner for Health and Food Safety, the panel of European scientific experts will formulate EU guidelines for science-based and coordinated risk-management measures.",18 March, ,"['EMA', '’', 's', 'governance', 'during', 'COVID-19', 'pandemic']","['EMA', 'announce', 'that', 'it', 'will', 'participate', 'a', 'observer', 'in', 'the', 'European', 'Commission', ""'s"", 'advisory', 'panel', 'on', 'COVID-19', '.', 'Chaired', 'by', 'Commission', 'President', 'Ursula', 'von', 'der', 'Leyen', 'and', 'co-chaired', 'by', 'Stella', 'Kyriakides', ',', 'Commissioner', 'for', 'Health', 'and', 'Food', 'Safety', ',', 'the', 'panel', 'of', 'European', 'scientific', 'expert', 'will', 'formulate', 'EU', 'guideline', 'for', 'science-based', 'and', 'coordinate', 'risk-management', 'measure', '.']","[""EMA announced that it will participate\xa0as observer in the European Commission's advisory panel on COVID-19."", 'Chaired by Commission President Ursula von der Leyen and co-chaired by Stella Kyriakides, Commissioner for Health and Food Safety, the panel of European scientific experts will formulate EU guidelines for science-based and coordinated risk-management measures.']"
EMA’s governance during COVID-19 pandemic,https://www.ema.europa.eu/en/human-regulatory/overview/public-health-threats/coronavirus-disease-covid-19/emas-governance-during-covid-19-pandemic,"As of 16 March 2020, most EMA staff are working remotely. This is expected to last until the end of April 2020.",17 March, ,"['EMA', '’', 's', 'governance', 'during', 'COVID-19', 'pandemic']","['As', 'of', '16', 'March', '2020', ',', 'most', 'EMA', 'staff', 'be', 'work', 'remotely', '.', 'This', 'be', 'expect', 'to', 'last', 'until', 'the', 'end', 'of', 'April', '2020', '.']","['As of 16 March 2020, most EMA staff are working remotely.', 'This is expected to last until the end of April 2020.']"
Guidance for medicine developers and companies on COVID-19,https://www.ema.europa.eu/en/human-regulatory/overview/public-health-threats/coronavirus-disease-covid-19/guidance-medicine-developers-companies-covid-19,"EMA provides full fee waivers for scientific advice for potential vaccines and treatments for COVID-19. Developers of potential therapeutics or vaccines against COVID-19 are invited to contact the Agency as soon as possible with information about their proposed development, by emailing 2019-ncov@ema.europa.eu.",13 March,COVID-19: developers of medicines or vaccines to benefit from free scientific advice (13/03/2020),"['Guidance', 'for', 'medicine', 'developer', 'and', 'company', 'on', 'COVID-19']","['EMA', 'provide', 'full', 'fee', 'waiver', 'for', 'scientific', 'advice', 'for', 'potential', 'vaccine', 'and', 'treatment', 'for', 'COVID-19', '.', 'Developers', 'of', 'potential', 'therapeutic', 'or', 'vaccine', 'against', 'COVID-19', 'be', 'invite', 'to', 'contact', 'the', 'Agency', 'a', 'soon', 'a', 'possible', 'with', 'information', 'about', 'their', 'propose', 'development', ',', 'by', 'email', '2019-ncov', '@', 'ema.europa.eu', '.']","['EMA provides\xa0full fee waivers for scientific advice\xa0for potential\xa0vaccines and\xa0treatments for COVID-19.', 'Developers of potential therapeutics or vaccines against COVID-19 are invited to contact the Agency as soon as possible with information about their proposed development, by emailing\xa02019-ncov@ema.europa.eu.']"
EMA’s governance during COVID-19 pandemic,https://www.ema.europa.eu/en/human-regulatory/overview/public-health-threats/coronavirus-disease-covid-19/emas-governance-during-covid-19-pandemic,EMA announced that is holding all its committee and working party meetings virtually until the end of April 2020. Other EMA-hosted stakeholder events will either be held virtually or postponed until later in 2020. EMA has also initiated its business continuity plan for the effective management of the COVID-19 crisis. These measures do not impact EMA’s core activities.,11 March,COVID-19: EMA meetings with delegates and experts will be held virtually until end April 2020 (11/03/2020),"['EMA', '’', 's', 'governance', 'during', 'COVID-19', 'pandemic']","['EMA', 'announce', 'that', 'be', 'hold', 'all', 'it', 'committee', 'and', 'work', 'party', 'meet', 'virtually', 'until', 'the', 'end', 'of', 'April', '2020', '.', 'Other', 'EMA-hosted', 'stakeholder', 'event', 'will', 'either', 'be', 'hold', 'virtually', 'or', 'postpone', 'until', 'later', 'in', '2020', '.', 'EMA', 'ha', 'also', 'initiate', 'it', 'business', 'continuity', 'plan', 'for', 'the', 'effective', 'management', 'of', 'the', 'COVID-19', 'crisis', '.', 'These', 'measure', 'do', 'not', 'impact', 'EMA', '’', 's', 'core', 'activity', '.']","['EMA announced that is holding all its committee and working party meetings virtually until the end of April 2020.', 'Other EMA-hosted stakeholder events will either be held virtually or postponed until later in 2020.', 'EMA has also initiated its business continuity plan for the effective management of the COVID-19 crisis.', 'These measures do not impact EMA’s core activities.']"
Availability of medicines during COVID-19 pandemic,https://www.ema.europa.eu/en/human-regulatory/overview/public-health-threats/coronavirus-disease-covid-19/availability-medicines-during-covid-19-pandemic,"The European medicines regulatory network has taken measures to monitor the potential impact of the outbreak of COVID-19 on human and veterinary medicine supply chains in the EU. This includes working with pharmaceutical industry associations, companies and manufacturers in the EU to assess the resilience of supply chains.",10 March,Addressing the potential impact of novel coronavirus disease (COVID-19) on medicines supply in the EU (10/03/2020),"['Availability', 'of', 'medicine', 'during', 'COVID-19', 'pandemic']","['The', 'European', 'medicine', 'regulatory', 'network', 'ha', 'take', 'measure', 'to', 'monitor', 'the', 'potential', 'impact', 'of', 'the', 'outbreak', 'of', 'COVID-19', 'on', 'human', 'and', 'veterinary', 'medicine', 'supply', 'chain', 'in', 'the', 'EU', '.', 'This', 'include', 'work', 'with', 'pharmaceutical', 'industry', 'association', ',', 'company', 'and', 'manufacturer', 'in', 'the', 'EU', 'to', 'ass', 'the', 'resilience', 'of', 'supply', 'chain', '.']","['The European medicines regulatory network has taken measures to monitor the potential impact of the outbreak of COVID-19 on human and veterinary medicine supply chains in the EU.', 'This includes working with pharmaceutical industry associations, companies and manufacturers in the EU to assess the resilience of supply chains.']"
Guidance for medicine developers and companies on COVID-19,https://www.ema.europa.eu/en/human-regulatory/overview/public-health-threats/coronavirus-disease-covid-19/guidance-medicine-developers-companies-covid-19,"EMA encouraged developers of potential vaccines or treatments for novel coronavirus disease (COVID-19) to make use of the Agency's regulatory mechanisms to speed up development and approval and to contact EMA as soon as possible to discuss their strategy for evidence-generation, by emailing 2019-ncov@ema.europa.eu. EMA has activated its plan for managing emerging health threats.",4 February,EMA to support development of vaccines and treatments for novel coronavirus disease (COVID-19)  (04/02/2020),"['Guidance', 'for', 'medicine', 'developer', 'and', 'company', 'on', 'COVID-19']","['EMA', 'encourage', 'developer', 'of', 'potential', 'vaccine', 'or', 'treatment', 'for', 'novel', 'coronavirus', 'disease', '(', 'COVID-19', ')', 'to', 'make', 'use', 'of', 'the', ""Agency's"", 'regulatory', 'mechanism', 'to', 'speed', 'up', 'development', 'and', 'approval', 'and', 'to', 'contact', 'EMA', 'a', 'soon', 'a', 'possible', 'to', 'discus', 'their', 'strategy', 'for', 'evidence-generation', ',', 'by', 'email', '2019-ncov', '@', 'ema.europa.eu', '.', 'EMA', 'ha', 'activate', 'it', 'plan', 'for', 'manage', 'emerge', 'health', 'threat', '.']","[""EMA encouraged developers of potential vaccines or treatments\xa0for novel coronavirus disease (COVID-19) to make use of the Agency's\xa0regulatory mechanisms to speed up development and approval\xa0and\xa0to contact EMA as soon as possible to discuss their strategy for evidence-generation, by emailing\xa02019-ncov@ema.europa.eu."", 'EMA has activated its\xa0plan for managing emerging health threats.']"
